{
    "root_group": {
        "checks": {
            "status was 200": {
                "name": "status was 200",
                "path": "::status was 200",
                "id": "1461660757a913d4fb82ac4c5e1009de",
                "passes": 676,
                "fails": 0
            }
        },
        "name": "",
        "path": "",
        "id": "d41d8cd98f00b204e9800998ecf8427e",
        "groups": {}
    },
    "metrics": {
        "vus_max": {
            "value": 10,
            "min": 10,
            "max": 10
        },
        "http_req_sending": {
            "p(90)": 0.042,
            "p(95)": 0.053450000000000046,
            "avg": 0.030619822485207147,
            "min": 0.009,
            "med": 0.023,
            "max": 0.995
        },
        "http_req_duration": {
            "max": 316.92,
            "p(90)": 150.2575,
            "p(95)": 164.20735000000002,
            "avg": 143.92201479289898,
            "min": 130.668,
            "med": 140.6145
        },
        "iteration_duration": {
            "max": 1318.179699,
            "p(90)": 1152.427176,
            "p(95)": 1174.6458635,
            "avg": 1146.9030603575115,
            "min": 1131.851423,
            "med": 1141.491624
        },
        "http_req_receiving": {
            "p(90)": 0.173,
            "p(95)": 0.20945000000000003,
            "avg": 0.11574260355029578,
            "min": 0.036,
            "med": 0.099,
            "max": 2.865
        },
        "http_req_tls_handshaking": {
            "avg": 0,
            "min": 0,
            "med": 0,
            "max": 0,
            "p(90)": 0,
            "p(95)": 0
        },
        "data_sent": {
            "count": 128345,
            "rate": 638.7312443023612
        },
        "http_req_failed": {
            "passes": 0,
            "fails": 1352,
            "value": 0
        },
        "checks": {
            "passes": 1352,
            "fails": 0,
            "value": 1
        },
        "http_reqs": {
            "count": 1352,
            "rate": 6.7284634562841745
        },
        "http_req_blocked": {
            "avg": 2.1109881656804776,
            "min": 0.002,
            "med": 0.005,
            "max": 163.506,
            "p(90)": 0.009,
            "p(95)": 0.015450000000000045
        },
        "http_req_connecting": {
            "p(90)": 0,
            "p(95)": 0,
            "avg": 2.100751479289941,
            "min": 0,
            "med": 0,
            "max": 163.413
        },
        "http_req_waiting": {
            "avg": 143.77565236686385,
            "min": 130.555,
            "med": 140.42450000000002,
            "max": 316.795,
            "p(90)": 150.1411,
            "p(95)": 164.04295000000002
        },
        "data_received": {
            "count": 1342894,
            "rate": 6683.145861437338
        },
        "vus": {
            "value": 1,
            "min": 1,
            "max": 10
        },
        "http_req_duration{expected_response:true}": {
            "min": 130.668,
            "med": 140.6145,
            "max": 316.92,
            "p(90)": 150.2475,
            "p(95)": 164.14275,
            "avg": 143.92201479289955
        },
        "iterations": {
            "count": 1351,
            "rate": 6.723486782130118
        }
    }
}